{"v":"5.12.1","fr":60,"ip":0,"op":30,"w":512,"h":512,"nm":"lottie-profile","ddd":0,"assets":[],"layers":[{"ddd":0,"ind":2,"ty":4,"nm":"Mask","parent":4,"td":1,"sr":1,"ks":{"o":{"a":0,"k":100,"ix":11},"r":{"a":0,"k":0,"ix":10},"p":{"a":0,"k":[0,0,0],"ix":2,"l":2},"a":{"a":0,"k":[0,0,0],"ix":1,"l":2},"s":{"a":0,"k":[100,100,100],"ix":6,"l":2}},"ao":0,"shapes":[{"ty":"gr","it":[{"ind":0,"ty":"sh","ix":1,"ks":{"a":0,"k":{"i":[[-7.18,0],[0,7.18],[7.18,0],[0,-7.18]],"o":[[7.18,0],[0,-7.18],[-7.18,0],[0,7.18]],"v":[[0,13],[13,0],[0,-13],[-13,0]],"c":true},"ix":2},"nm":"Path 1","mn":"ADBE Vector Shape - Group","hd":false},{"ty":"fl","c":{"a":0,"k":[0.584313750267,0.584313750267,0.584313750267,1],"ix":4},"o":{"a":0,"k":100,"ix":5},"r":1,"bm":0,"nm":"Fill 1","mn":"ADBE Vector Graphic - Fill","hd":false},{"ty":"tr","p":{"a":0,"k":[0,0],"ix":2},"a":{"a":0,"k":[0,0],"ix":1},"s":{"a":0,"k":[1969.231,1969.231],"ix":3},"r":{"a":0,"k":0,"ix":6},"o":{"a":0,"k":100,"ix":7},"sk":{"a":0,"k":0,"ix":4},"sa":{"a":0,"k":0,"ix":5},"nm":"Transform"}],"nm":"Shape","np":2,"cix":2,"bm":0,"ix":1,"mn":"ADBE Vector Group","hd":false}],"ip":0,"op":180,"st":0,"ct":1,"bm":0},{"ddd":0,"ind":4,"ty":4,"nm":"Shape","tt":1,"tp":2,"sr":1,"ks":{"o":{"a":0,"k":100,"ix":11},"r":{"a":0,"k":0,"ix":10},"p":{"a":0,"k":[256,256,0],"ix":2,"l":2},"a":{"a":0,"k":[0,0,0],"ix":1,"l":2},"s":{"a":1,"k":[{"i":{"x":[0.05,0.05,0.833],"y":[1,1,1]},"o":{"x":[0.35,0.35,0.167],"y":[0,0,0]},"t":0,"s":[100,100,100]},{"i":{"x":[0.65,0.65,0.833],"y":[1,1,1]},"o":{"x":[0.35,0.35,0.167],"y":[0,0,0]},"t":12,"s":[85,93,100]},{"t":22,"s":[100,100,100]}],"ix":6,"l":2}},"ao":0,"shapes":[{"ty":"gr","it":[{"ind":0,"ty":"sh","ix":1,"ks":{"a":0,"k":{"i":[[-7.18,0],[0,7.18],[7.18,0],[0,-7.18]],"o":[[7.18,0],[0,-7.18],[-7.18,0],[0,7.18]],"v":[[0,13],[13,0],[0,-13],[-13,0]],"c":true},"ix":2},"nm":"Path 1","mn":"ADBE Vector Shape - Group","hd":false},{"ty":"gr","it":[{"ty":"gr","it":[{"ind":0,"ty":"sh","ix":1,"ks":{"a":0,"k":{"i":[[2.209,0],[0,2.209],[-2.209,0],[0,-2.209]],"o":[[-2.209,0],[0,-2.209],[2.209,0],[0,2.209]],"v":[[0,1],[-4,-3],[0,-7],[4,-3]],"c":true},"ix":2},"nm":"Path 2","mn":"ADBE Vector Shape - Group","hd":false},{"ty":"tr","p":{"a":0,"k":[0,-3],"ix":2},"a":{"a":0,"k":[0,-3],"ix":1},"s":{"a":1,"k":[{"i":{"x":[0.05,0.05],"y":[1,1]},"o":{"x":[0.35,0.35],"y":[0,0]},"t":0,"s":[100,100]},{"t":22,"s":[90,90]}],"ix":3},"r":{"a":0,"k":0,"ix":6},"o":{"a":0,"k":100,"ix":7},"sk":{"a":0,"k":0,"ix":4},"sa":{"a":0,"k":0,"ix":5},"nm":"Transform"}],"nm":"Group 1","np":1,"cix":2,"bm":0,"ix":1,"mn":"ADBE Vector Group","hd":false},{"ty":"gr","it":[{"ind":0,"ty":"sh","ix":1,"ks":{"a":0,"k":{"i":[[-1.895,-1.252],[-0.176,-0.422],[0.122,-0.293],[0.524,-0.347],[2.441,0],[1.895,1.252],[0.176,0.422],[-0.122,0.293],[-0.524,0.347],[-2.441,0]],"o":[[0.524,0.347],[0.122,0.293],[-0.176,0.422],[-1.895,1.252],[-2.441,0],[-0.524,-0.347],[-0.122,-0.293],[0.176,-0.422],[1.895,-1.252],[2.441,0]],"v":[[6.607,5.981],[7.57,6.923],[7.57,8.077],[6.607,9.019],[0,11],[-6.607,9.019],[-7.569,8.077],[-7.569,6.923],[-6.607,5.981],[0,4]],"c":true},"ix":2},"nm":"Path 3","mn":"ADBE Vector Shape - Group","hd":false},{"ty":"tr","p":{"a":0,"k":[0,7.5],"ix":2},"a":{"a":0,"k":[0,7.5],"ix":1},"s":{"a":1,"k":[{"i":{"x":[0.05,0.05],"y":[1,1]},"o":{"x":[0.35,0.35],"y":[0,0]},"t":0,"s":[100,100]},{"t":22,"s":[90,90]}],"ix":3},"r":{"a":0,"k":0,"ix":6},"o":{"a":0,"k":100,"ix":7},"sk":{"a":0,"k":0,"ix":4},"sa":{"a":0,"k":0,"ix":5},"nm":"Transform"}],"nm":"Group 2","np":1,"cix":2,"bm":0,"ix":2,"mn":"ADBE Vector Group","hd":false},{"ty":"tr","p":{"a":1,"k":[{"i":{"x":0.05,"y":1},"o":{"x":0.35,"y":0},"t":0,"s":[0,2],"to":[0,0],"ti":[0,0]},{"t":22,"s":[-19.118,-0.539]}],"ix":2},"a":{"a":0,"k":[0,2],"ix":1},"s":{"a":1,"k":[{"i":{"x":[0.05,0.05],"y":[1,1]},"o":{"x":[0.35,0.35],"y":[0,0]},"t":0,"s":[100,100]},{"t":22,"s":[70,90]}],"ix":3},"r":{"a":1,"k":[{"i":{"x":[0.833],"y":[0.833]},"o":{"x":[0.167],"y":[0.167]},"t":2,"s":[0]},{"i":{"x":[0.833],"y":[0.833]},"o":{"x":[0.167],"y":[0.167]},"t":3,"s":[1]},{"i":{"x":[0.833],"y":[0.833]},"o":{"x":[0.167],"y":[0.167]},"t":4,"s":[3]},{"i":{"x":[0.833],"y":[0.833]},"o":{"x":[0.167],"y":[0.167]},"t":5,"s":[5]},{"i":{"x":[0.833],"y":[0.833]},"o":{"x":[0.167],"y":[0.167]},"t":6,"s":[8]},{"i":{"x":[0.833],"y":[0.833]},"o":{"x":[0.167],"y":[0.167]},"t":7,"s":[10]},{"i":{"x":[0.833],"y":[0.833]},"o":{"x":[0.167],"y":[0.167]},"t":8,"s":[11]},{"t":9,"s":[12]}],"ix":6},"o":{"a":0,"k":100,"ix":7},"sk":{"a":0,"k":0,"ix":4},"sa":{"a":0,"k":0,"ix":5},"nm":"Transform"}],"nm":"Group 1","np":2,"cix":2,"bm":0,"ix":2,"mn":"ADBE Vector Group","hd":false},{"ty":"gr","it":[{"ty":"gr","it":[{"ind":0,"ty":"sh","ix":1,"ks":{"a":0,"k":{"i":[[2.209,0],[0,2.209],[-2.209,0],[0,-2.209]],"o":[[-2.209,0],[0,-2.209],[2.209,0],[0,2.209]],"v":[[0,1],[-4,-3],[0,-7],[4,-3]],"c":true},"ix":2},"nm":"Path 5","mn":"ADBE Vector Shape - Group","hd":false},{"ty":"tr","p":{"a":0,"k":[0,-3],"ix":2},"a":{"a":0,"k":[0,-3],"ix":1},"s":{"a":0,"k":[100,100],"ix":3},"r":{"a":0,"k":0,"ix":6},"o":{"a":0,"k":100,"ix":7},"sk":{"a":0,"k":0,"ix":4},"sa":{"a":0,"k":0,"ix":5},"nm":"Transform"}],"nm":"Group 1","np":1,"cix":2,"bm":0,"ix":1,"mn":"ADBE Vector Group","hd":false},{"ty":"gr","it":[{"ind":0,"ty":"sh","ix":1,"ks":{"a":0,"k":{"i":[[-1.895,-1.252],[-0.176,-0.422],[0.122,-0.293],[0.524,-0.347],[2.441,0],[1.895,1.252],[0.176,0.422],[-0.122,0.293],[-0.524,0.347],[-2.441,0]],"o":[[0.524,0.347],[0.122,0.293],[-0.176,0.422],[-1.895,1.252],[-2.441,0],[-0.524,-0.347],[-0.122,-0.293],[0.176,-0.422],[1.895,-1.252],[2.441,0]],"v":[[6.607,5.981],[7.57,6.923],[7.57,8.077],[6.607,9.019],[0,11],[-6.607,9.019],[-7.569,8.077],[-7.569,6.923],[-6.607,5.981],[0,4]],"c":true},"ix":2},"nm":"Path 4","mn":"ADBE Vector Shape - Group","hd":false},{"ty":"tr","p":{"a":0,"k":[0,7.5],"ix":2},"a":{"a":0,"k":[0,7.5],"ix":1},"s":{"a":0,"k":[100,100],"ix":3},"r":{"a":0,"k":0,"ix":6},"o":{"a":0,"k":100,"ix":7},"sk":{"a":0,"k":0,"ix":4},"sa":{"a":0,"k":0,"ix":5},"nm":"Transform"}],"nm":"Group 2","np":1,"cix":2,"bm":0,"ix":2,"mn":"ADBE Vector Group","hd":false},{"ty":"tr","p":{"a":1,"k":[{"i":{"x":0.05,"y":1},"o":{"x":0.35,"y":0},"t":0,"s":[19,0],"to":[0,0],"ti":[0,0]},{"t":22,"s":[0,0]}],"ix":2},"a":{"a":0,"k":[0,0],"ix":1},"s":{"a":1,"k":[{"i":{"x":[0.05,0.05],"y":[1,1]},"o":{"x":[0.35,0.35],"y":[0,0]},"t":0,"s":[70,90]},{"t":22,"s":[100,100]}],"ix":3},"r":{"a":1,"k":[{"i":{"x":[0.833],"y":[0.833]},"o":{"x":[0.167],"y":[0.167]},"t":8,"s":[-12]},{"i":{"x":[0.833],"y":[0.833]},"o":{"x":[0.167],"y":[0.167]},"t":9,"s":[-11]},{"i":{"x":[0.833],"y":[0.833]},"o":{"x":[0.167],"y":[0.167]},"t":10,"s":[-10]},{"i":{"x":[0.833],"y":[0.833]},"o":{"x":[0.167],"y":[0.167]},"t":11,"s":[-9]},{"i":{"x":[0.833],"y":[0.833]},"o":{"x":[0.167],"y":[0.167]},"t":12,"s":[-8]},{"i":{"x":[0.833],"y":[0.833]},"o":{"x":[0.167],"y":[0.167]},"t":13,"s":[-6]},{"i":{"x":[0.833],"y":[0.833]},"o":{"x":[0.167],"y":[0.167]},"t":14,"s":[-5]},{"t":15,"s":[0]}],"ix":6},"o":{"a":0,"k":100,"ix":7},"sk":{"a":0,"k":0,"ix":4},"sa":{"a":0,"k":0,"ix":5},"nm":"Transform"}],"nm":"Group 2","np":2,"cix":2,"bm":0,"ix":3,"mn":"ADBE Vector Group","hd":false},{"ty":"fl","c":{"a":0,"k":[0.584313750267,0.584313750267,0.584313750267,1],"ix":4},"o":{"a":0,"k":100,"ix":5},"r":1,"bm":0,"nm":"Fill 1","mn":"ADBE Vector Graphic - Fill","hd":false},{"ty":"tr","p":{"a":0,"k":[0,0],"ix":2},"a":{"a":0,"k":[0,0],"ix":1},"s":{"a":0,"k":[1969.231,1969.231],"ix":3},"r":{"a":0,"k":0,"ix":6},"o":{"a":0,"k":100,"ix":7},"sk":{"a":0,"k":0,"ix":4},"sa":{"a":0,"k":0,"ix":5},"nm":"Transform"}],"nm":"Shape","np":4,"cix":2,"bm":0,"ix":1,"mn":"ADBE Vector Group","hd":false}],"ip":0,"op":180,"st":0,"ct":1,"bm":0}],"markers":[],"props":{}}