{"v":"5.12.1","fr":60,"ip":0,"op":30,"w":512,"h":512,"nm":"lottie-store","ddd":0,"assets":[],"layers":[{"ddd":0,"ind":1,"ty":4,"nm":"Mask","parent":2,"td":1,"sr":1,"ks":{"o":{"a":0,"k":100,"ix":11},"r":{"a":0,"k":0,"ix":10},"p":{"a":0,"k":[0,0,0],"ix":2,"l":2},"a":{"a":0,"k":[0,0,0],"ix":1,"l":2},"s":{"a":0,"k":[100,100,100],"ix":6,"l":2}},"ao":0,"shapes":[{"ty":"gr","it":[{"ind":0,"ty":"sh","ix":1,"ks":{"a":0,"k":{"i":[[-0.326,-0.76],[0,0],[0,0],[0,0],[-0.262,0.279],[-0.318,0.116],[-0.827,0],[0,0],[-0.36,-0.131],[-0.232,-0.246]],"o":[[0,0],[0,0],[0,0],[0.326,-0.76],[0.232,-0.246],[0.36,-0.131],[0,0],[0.827,0],[0.318,0.116],[0.262,0.279]],"v":[[10.658,-9.816],[12.856,-4.691],[-12.855,-4.691],[-10.658,-9.816],[-9.906,-11.234],[-9.07,-11.785],[-7.469,-11.917],[7.469,-11.917],[9.07,-11.785],[9.907,-11.234]],"c":true},"ix":2},"nm":"Path 1","mn":"ADBE Vector Shape - Group","hd":false},{"ind":1,"ty":"sh","ix":2,"ks":{"a":0,"k":{"i":[[1.098,0],[0.591,0.217],[0,0],[-0.236,-0.463],[-0.408,-0.208],[-1.214,0],[0,0],[-0.464,0.236],[-0.208,0.408],[0,1.213],[0,0],[0.667,0],[0.859,0.553],[1.098,0],[0.859,0.553],[1.098,0],[0.859,0.553]],"o":[[-0.667,0],[0,0],[0,1.213],[0.208,0.408],[0.464,0.236],[0,0],[1.214,0],[0.408,-0.208],[0.236,-0.463],[0,0],[-0.591,0.217],[-1.098,0],[-0.859,0.553],[-1.098,0],[-0.859,0.553],[-1.098,0],[-0.859,0.553]],"v":[[-8.944,1.982],[-10.841,1.647],[-10.841,8.45],[-10.604,10.734],[-9.657,11.681],[-7.372,11.917],[7.372,11.917],[9.657,11.681],[10.605,10.734],[10.841,8.45],[10.841,1.647],[8.944,1.982],[5.962,1.107],[2.981,1.982],[0,1.107],[-2.981,1.982],[-5.962,1.107]],"c":true},"ix":2},"nm":"Path 2","mn":"ADBE Vector Shape - Group","hd":false},{"ind":2,"ty":"sh","ix":3,"ks":{"a":0,"k":{"i":[[0,0],[-2.154,0],[-0.742,0.8],[-1.178,0],[-0.742,0.8],[-1.178,0],[-0.742,0.8],[-1.178,0],[-0.139,2.117]],"o":[[0.139,2.117],[1.178,0],[0.742,0.8],[1.178,0],[0.742,0.8],[1.178,0],[0.742,0.8],[2.154,0],[0,0]],"v":[[-13,-3.25],[-8.944,0.542],[-5.962,-0.759],[-2.981,0.542],[0,-0.759],[2.981,0.542],[5.962,-0.759],[8.944,0.542],[13,-3.25]],"c":true},"ix":2},"nm":"Path 4","mn":"ADBE Vector Shape - Group","hd":false},{"ty":"fl","c":{"a":0,"k":[0.584313750267,0.584313750267,0.584313750267,1],"ix":4},"o":{"a":0,"k":100,"ix":5},"r":1,"bm":0,"nm":"Fill 1","mn":"ADBE Vector Graphic - Fill","hd":false},{"ty":"tr","p":{"a":0,"k":[0,0],"ix":2},"a":{"a":0,"k":[0,0],"ix":1},"s":{"a":0,"k":[1969.231,1969.231],"ix":3},"r":{"a":0,"k":0,"ix":6},"o":{"a":0,"k":100,"ix":7},"sk":{"a":0,"k":0,"ix":4},"sa":{"a":0,"k":0,"ix":5},"nm":"Transform"}],"nm":"Shape","np":4,"cix":2,"bm":0,"ix":1,"mn":"ADBE Vector Group","hd":false}],"ip":0,"op":180,"st":0,"ct":1,"bm":0},{"ddd":0,"ind":2,"ty":4,"nm":"Shape","tt":1,"tp":1,"sr":1,"ks":{"o":{"a":0,"k":100,"ix":11},"r":{"a":0,"k":0,"ix":10},"p":{"a":0,"k":[256,256,0],"ix":2,"l":2},"a":{"a":0,"k":[0,0,0],"ix":1,"l":2},"s":{"a":1,"k":[{"i":{"x":[0.05,0.05,0.833],"y":[1,1,1]},"o":{"x":[0.35,0.35,0.167],"y":[0,0,0]},"t":0,"s":[100,100,100]},{"i":{"x":[0.65,0.65,0.833],"y":[1,1,1]},"o":{"x":[0.35,0.35,0.167],"y":[0,0,0]},"t":12,"s":[88,95,100]},{"t":22,"s":[100,100,100]}],"ix":6,"l":2}},"ao":0,"shapes":[{"ty":"gr","it":[{"ty":"gr","it":[{"ind":0,"ty":"sh","ix":1,"ks":{"a":0,"k":{"i":[[-0.326,-0.76],[0,0],[0,0],[0,0],[-0.262,0.279],[-0.318,0.116],[-0.827,0],[0,0],[-0.36,-0.131],[-0.232,-0.246]],"o":[[0,0],[0,0],[0,0],[0.326,-0.76],[0.232,-0.246],[0.36,-0.131],[0,0],[0.827,0],[0.318,0.116],[0.262,0.279]],"v":[[10.658,-9.816],[12.856,-4.691],[-12.855,-4.691],[-10.658,-9.816],[-9.906,-11.234],[-9.07,-11.785],[-7.469,-11.917],[7.469,-11.917],[9.07,-11.785],[9.907,-11.234]],"c":true},"ix":2},"nm":"Path 1","mn":"ADBE Vector Shape - Group","hd":false},{"ty":"tr","p":{"a":1,"k":[{"i":{"x":0.05,"y":1},"o":{"x":0.35,"y":0},"t":0,"s":[0,-8.304],"to":[0,0],"ti":[0,0]},{"i":{"x":0.05,"y":1},"o":{"x":0.35,"y":0},"t":12,"s":[0,-7],"to":[0,0],"ti":[0,0]},{"t":29,"s":[0,-8.304]}],"ix":2},"a":{"a":0,"k":[0,-8.304],"ix":1},"s":{"a":1,"k":[{"i":{"x":[0.05,0.05],"y":[1,1]},"o":{"x":[0.35,0.35],"y":[0,0]},"t":0,"s":[100,100]},{"i":{"x":[0.05,0.05],"y":[1,1]},"o":{"x":[0.35,0.35],"y":[0,0]},"t":12,"s":[95,84]},{"t":29,"s":[100,100]}],"ix":3},"r":{"a":0,"k":0,"ix":6},"o":{"a":0,"k":100,"ix":7},"sk":{"a":0,"k":0,"ix":4},"sa":{"a":0,"k":0,"ix":5},"nm":"Transform"}],"nm":"Group 3","np":1,"cix":2,"bm":0,"ix":1,"mn":"ADBE Vector Group","hd":false},{"ind":1,"ty":"sh","ix":2,"ks":{"a":0,"k":{"i":[[1.098,0],[0.591,0.217],[0,0],[-0.236,-0.463],[-0.408,-0.208],[-1.214,0],[0,0],[-0.464,0.236],[-0.208,0.408],[0,1.213],[0,0],[0.667,0],[0.859,0.553],[1.098,0],[0.859,0.553],[1.098,0],[0.859,0.553]],"o":[[-0.667,0],[0,0],[0,1.213],[0.208,0.408],[0.464,0.236],[0,0],[1.214,0],[0.408,-0.208],[0.236,-0.463],[0,0],[-0.591,0.217],[-1.098,0],[-0.859,0.553],[-1.098,0],[-0.859,0.553],[-1.098,0],[-0.859,0.553]],"v":[[-8.944,1.982],[-10.841,1.647],[-10.841,8.45],[-10.604,10.734],[-9.657,11.681],[-7.372,11.917],[7.372,11.917],[9.657,11.681],[10.605,10.734],[10.841,8.45],[10.841,1.647],[8.944,1.982],[5.962,1.107],[2.981,1.982],[0,1.107],[-2.981,1.982],[-5.962,1.107]],"c":true},"ix":2},"nm":"Path 2","mn":"ADBE Vector Shape - Group","hd":false},{"ty":"gr","it":[{"ind":0,"ty":"sh","ix":1,"ks":{"a":0,"k":{"i":[[-0.118,0.232],[-0.204,0.104],[-0.607,0],[0,0],[-0.232,-0.118],[-0.104,-0.204],[0,-0.607],[0,0],[0.118,-0.232],[0.204,-0.104],[0.607,0],[0,0],[0.232,0.118],[0.104,0.204],[0,0.607],[0,0]],"o":[[0.104,-0.204],[0.232,-0.118],[0,0],[0.607,0],[0.204,0.104],[0.118,0.232],[0,0],[0,0.607],[-0.104,0.204],[-0.232,0.118],[0,0],[-0.607,0],[-0.204,-0.104],[-0.118,-0.232],[0,0],[0,-0.607]],"v":[[-8.554,4.925],[-8.081,4.451],[-6.938,4.333],[-2.819,4.333],[-1.676,4.451],[-1.202,4.925],[-1.084,6.067],[-1.084,8.017],[-1.202,9.158],[-1.676,9.632],[-2.819,9.75],[-6.938,9.75],[-8.081,9.632],[-8.554,9.158],[-8.673,8.017],[-8.673,6.067]],"c":true},"ix":2},"nm":"Path 3","mn":"ADBE Vector Shape - Group","hd":false},{"ty":"tr","p":{"a":1,"k":[{"i":{"x":0.05,"y":1},"o":{"x":0.35,"y":0},"t":0,"s":[-21.878,7.042],"to":[0,0],"ti":[0,0]},{"t":29,"s":[-4.878,7.042]}],"ix":2},"a":{"a":0,"k":[-4.878,7.042],"ix":1},"s":{"a":1,"k":[{"i":{"x":[0.05,0.05],"y":[1,1]},"o":{"x":[0.35,0.35],"y":[0,0]},"t":0,"s":[126,110]},{"t":29,"s":[100,100]}],"ix":3},"r":{"a":0,"k":0,"ix":6},"o":{"a":0,"k":100,"ix":7},"sk":{"a":0,"k":0,"ix":4},"sa":{"a":0,"k":0,"ix":5},"nm":"Transform"}],"nm":"Group 2","np":1,"cix":2,"bm":0,"ix":3,"mn":"ADBE Vector Group","hd":false},{"ty":"gr","it":[{"ind":0,"ty":"sh","ix":1,"ks":{"a":0,"k":{"i":[[-0.118,0.232],[-0.204,0.104],[-0.607,0],[0,0],[-0.232,-0.118],[-0.104,-0.204],[0,-0.607],[0,0],[0.118,-0.232],[0.204,-0.104],[0.607,0],[0,0],[0.232,0.118],[0.104,0.204],[0,0.607],[0,0]],"o":[[0.104,-0.204],[0.232,-0.118],[0,0],[0.607,0],[0.204,0.104],[0.118,0.232],[0,0],[0,0.607],[-0.104,0.204],[-0.232,0.118],[0,0],[-0.607,0],[-0.204,-0.104],[-0.118,-0.232],[0,0],[0,-0.607]],"v":[[-8.554,4.925],[-8.081,4.451],[-6.938,4.333],[-2.819,4.333],[-1.676,4.451],[-1.202,4.925],[-1.084,6.067],[-1.084,8.017],[-1.202,9.158],[-1.676,9.632],[-2.819,9.75],[-6.938,9.75],[-8.081,9.632],[-8.554,9.158],[-8.673,8.017],[-8.673,6.067]],"c":true},"ix":2},"nm":"Path 3","mn":"ADBE Vector Shape - Group","hd":false},{"ty":"tr","p":{"a":1,"k":[{"i":{"x":0.05,"y":1},"o":{"x":0.35,"y":0},"t":0,"s":[-4.878,7.042],"to":[0,0],"ti":[0,0]},{"t":29,"s":[17.122,7.042]}],"ix":2},"a":{"a":0,"k":[-4.878,7.042],"ix":1},"s":{"a":1,"k":[{"i":{"x":[0.05,0.05],"y":[1,1]},"o":{"x":[0.35,0.35],"y":[0,0]},"t":0,"s":[100,100]},{"t":29,"s":[126,110]}],"ix":3},"r":{"a":0,"k":0,"ix":6},"o":{"a":0,"k":100,"ix":7},"sk":{"a":0,"k":0,"ix":4},"sa":{"a":0,"k":0,"ix":5},"nm":"Transform"}],"nm":"Group 1","np":1,"cix":2,"bm":0,"ix":4,"mn":"ADBE Vector Group","hd":false},{"ind":4,"ty":"sh","ix":5,"ks":{"a":0,"k":{"i":[[0,0],[-2.154,0],[-0.742,0.8],[-1.178,0],[-0.742,0.8],[-1.178,0],[-0.742,0.8],[-1.178,0],[-0.139,2.117]],"o":[[0.139,2.117],[1.178,0],[0.742,0.8],[1.178,0],[0.742,0.8],[1.178,0],[0.742,0.8],[2.154,0],[0,0]],"v":[[-13,-3.25],[-8.944,0.542],[-5.962,-0.759],[-2.981,0.542],[0,-0.759],[2.981,0.542],[5.962,-0.759],[8.944,0.542],[13,-3.25]],"c":true},"ix":2},"nm":"Path 4","mn":"ADBE Vector Shape - Group","hd":false},{"ty":"fl","c":{"a":0,"k":[0.584313750267,0.584313750267,0.584313750267,1],"ix":4},"o":{"a":0,"k":100,"ix":5},"r":1,"bm":0,"nm":"Fill 1","mn":"ADBE Vector Graphic - Fill","hd":false},{"ty":"tr","p":{"a":0,"k":[0,0],"ix":2},"a":{"a":0,"k":[0,0],"ix":1},"s":{"a":0,"k":[1969.231,1969.231],"ix":3},"r":{"a":0,"k":0,"ix":6},"o":{"a":0,"k":100,"ix":7},"sk":{"a":0,"k":0,"ix":4},"sa":{"a":0,"k":0,"ix":5},"nm":"Transform"}],"nm":"Shape","np":6,"cix":2,"bm":0,"ix":1,"mn":"ADBE Vector Group","hd":false}],"ip":0,"op":180,"st":0,"ct":1,"bm":0}],"markers":[],"props":{}}