{"v":"5.12.1","fr":60,"ip":0,"op":30,"w":512,"h":512,"nm":"lottie-leaderbord","ddd":0,"assets":[],"layers":[{"ddd":0,"ind":1,"ty":4,"nm":"Subtract","sr":1,"ks":{"o":{"a":0,"k":100,"ix":11},"r":{"a":0,"k":0,"ix":10},"p":{"a":0,"k":[256,256,0],"ix":2,"l":2},"a":{"a":0,"k":[0,0,0],"ix":1,"l":2},"s":{"a":1,"k":[{"i":{"x":[0.05,0.05,0.833],"y":[1,1,1]},"o":{"x":[0.35,0.35,0.167],"y":[0,0,0]},"t":0,"s":[100,100,100]},{"i":{"x":[0.65,0.65,0.833],"y":[1,1,1]},"o":{"x":[0.35,0.35,0.167],"y":[0,0,0]},"t":12,"s":[80,95,100]},{"t":22,"s":[100,100,100]}],"ix":6,"l":2}},"ao":0,"shapes":[{"ty":"gr","it":[{"ty":"gr","it":[{"ind":0,"ty":"sh","ix":1,"ks":{"a":0,"k":{"i":[[0,-1.254],[0.241,-0.994],[0,0],[0,1.287],[0.079,0.964],[0,0]],"o":[[0,1.068],[0,0],[0.124,-1.191],[0,-1.021],[0,0],[0.329,1.148]],"v":[[13,0.054],[12.631,3.154],[5.754,3.154],[5.943,-0.576],[5.823,-3.56],[12.495,-3.56]],"c":true},"ix":2},"nm":"Path 1","mn":"ADBE Vector Shape - Group","hd":false},{"ty":"tr","p":{"a":1,"k":[{"i":{"x":0.05,"y":1},"o":{"x":0.35,"y":0},"t":0,"s":[9.377,-0.203],"to":[0,0],"ti":[0,0]},{"i":{"x":0.05,"y":1},"o":{"x":0.35,"y":0},"t":12,"s":[8.742,-0.203],"to":[0,0],"ti":[0,0]},{"t":29,"s":[9.377,-0.203]}],"ix":2},"a":{"a":0,"k":[9.377,-0.203],"ix":1},"s":{"a":0,"k":[100,100],"ix":3},"r":{"a":0,"k":0,"ix":6},"o":{"a":0,"k":100,"ix":7},"sk":{"a":0,"k":0,"ix":4},"sa":{"a":0,"k":0,"ix":5},"nm":"Transform"}],"nm":"Group 3","np":1,"cix":2,"bm":0,"ix":1,"mn":"ADBE Vector Group","hd":false},{"ty":"gr","it":[{"ind":0,"ty":"sh","ix":1,"ks":{"a":0,"k":{"i":[[-0.226,1.327],[0,0],[4.647,-0.604],[-0.338,0.411],[-0.427,1.224]],"o":[[0,0],[-1.766,4.185],[0.489,-0.288],[0.685,-0.831],[0.37,-1.062]],"v":[[5.483,5.143],[11.975,5.143],[1.685,13],[2.927,11.91],[4.583,8.749]],"c":true},"ix":2},"nm":"Path 2","mn":"ADBE Vector Shape - Group","hd":false},{"ty":"tr","p":{"a":1,"k":[{"i":{"x":0.05,"y":1},"o":{"x":0.35,"y":0},"t":0,"s":[6.83,9.072],"to":[0,0],"ti":[0,0]},{"i":{"x":0.05,"y":1},"o":{"x":0.35,"y":0},"t":12,"s":[6.195,8.537],"to":[0,0],"ti":[0,0]},{"t":29,"s":[6.83,9.072]}],"ix":2},"a":{"a":0,"k":[6.83,9.072],"ix":1},"s":{"a":0,"k":[100,100],"ix":3},"r":{"a":0,"k":0,"ix":6},"o":{"a":0,"k":100,"ix":7},"sk":{"a":0,"k":0,"ix":4},"sa":{"a":0,"k":0,"ix":5},"nm":"Transform"}],"nm":"Group 2","np":1,"cix":2,"bm":0,"ix":2,"mn":"ADBE Vector Group","hd":false},{"ty":"gr","it":[{"ind":0,"ty":"sh","ix":1,"ks":{"a":0,"k":{"i":[[0,-1.029],[0.129,-1.177],[0,0],[0,1.299],[-0.082,0.956],[0,0]],"o":[[0,1.299],[0,0],[-0.129,-1.177],[0,-1.029],[0,0],[0.082,0.956]],"v":[[4.333,-0.576],[4.135,3.154],[-4.135,3.154],[-4.333,-0.576],[-4.208,-3.56],[4.208,-3.56]],"c":true},"ix":2},"nm":"Path 3","mn":"ADBE Vector Shape - Group","hd":false},{"ty":"tr","p":{"a":1,"k":[{"i":{"x":0.05,"y":0.05},"o":{"x":0.35,"y":0.35},"t":0,"s":[0,-0.203],"to":[0,0],"ti":[0,0]},{"i":{"x":0.05,"y":0.05},"o":{"x":0.35,"y":0.35},"t":12,"s":[0,-0.203],"to":[0,0],"ti":[0,0]},{"t":29,"s":[0,-0.203]}],"ix":2},"a":{"a":0,"k":[0,-0.203],"ix":1},"s":{"a":0,"k":[100,100],"ix":3},"r":{"a":0,"k":0,"ix":6},"o":{"a":0,"k":100,"ix":7},"sk":{"a":0,"k":0,"ix":4},"sa":{"a":0,"k":0,"ix":5},"nm":"Transform"}],"nm":"Group 1","np":1,"cix":2,"bm":0,"ix":3,"mn":"ADBE Vector Group","hd":false},{"ty":"gr","it":[{"ind":0,"ty":"sh","ix":1,"ks":{"a":0,"k":{"i":[[-0.722,3.989],[0,0],[-1.674,0]],"o":[[0,0],[0.722,3.989],[1.674,0]],"v":[[3.849,5.143],[-3.849,5.143],[0,11.857]],"c":true},"ix":2},"nm":"Path 4","mn":"ADBE Vector Shape - Group","hd":false},{"ty":"tr","p":{"a":1,"k":[{"i":{"x":0.05,"y":1},"o":{"x":0.35,"y":0},"t":0,"s":[0,8.5],"to":[0,0],"ti":[0,0]},{"i":{"x":0.05,"y":1},"o":{"x":0.35,"y":0},"t":12,"s":[0,7.966],"to":[0,0],"ti":[0,0]},{"t":29,"s":[0,8.5]}],"ix":2},"a":{"a":0,"k":[0,8.5],"ix":1},"s":{"a":0,"k":[100,100],"ix":3},"r":{"a":0,"k":0,"ix":6},"o":{"a":0,"k":100,"ix":7},"sk":{"a":0,"k":0,"ix":4},"sa":{"a":0,"k":0,"ix":5},"nm":"Transform"}],"nm":"Group 4","np":1,"cix":2,"bm":0,"ix":4,"mn":"ADBE Vector Group","hd":false},{"ty":"gr","it":[{"ind":0,"ty":"sh","ix":1,"ks":{"a":0,"k":{"i":[[0,-1.021],[-0.124,-1.191],[0,0],[0,1.068],[-0.329,1.148],[0,0]],"o":[[0,1.287],[0,0],[-0.241,-0.994],[0,-1.254],[0,0],[-0.079,0.964]],"v":[[-5.943,-0.576],[-5.754,3.154],[-12.631,3.154],[-13,0.054],[-12.495,-3.56],[-5.823,-3.56]],"c":true},"ix":2},"nm":"Path 5","mn":"ADBE Vector Shape - Group","hd":false},{"ty":"tr","p":{"a":1,"k":[{"i":{"x":0.05,"y":1},"o":{"x":0.35,"y":0},"t":0,"s":[-9.377,-0.203],"to":[0,0],"ti":[0,0]},{"i":{"x":0.05,"y":1},"o":{"x":0.35,"y":0},"t":12,"s":[-8.742,-0.203],"to":[0,0],"ti":[0,0]},{"t":29,"s":[-9.377,-0.203]}],"ix":2},"a":{"a":0,"k":[-9.377,-0.203],"ix":1},"s":{"a":0,"k":[100,100],"ix":3},"r":{"a":0,"k":0,"ix":6},"o":{"a":0,"k":100,"ix":7},"sk":{"a":0,"k":0,"ix":4},"sa":{"a":0,"k":0,"ix":5},"nm":"Transform"}],"nm":"Group 5","np":1,"cix":2,"bm":0,"ix":5,"mn":"ADBE Vector Group","hd":false},{"ty":"gr","it":[{"ind":0,"ty":"sh","ix":1,"ks":{"a":0,"k":{"i":[[0.226,1.327],[0,0],[-4.647,-0.604],[0.338,0.411],[0.427,1.224]],"o":[[0,0],[1.766,4.185],[-0.489,-0.288],[-0.685,-0.831],[-0.37,-1.062]],"v":[[-5.483,5.143],[-11.975,5.143],[-1.685,13],[-2.927,11.91],[-4.583,8.749]],"c":true},"ix":2},"nm":"Path 6","mn":"ADBE Vector Shape - Group","hd":false},{"ty":"tr","p":{"a":1,"k":[{"i":{"x":0.05,"y":1},"o":{"x":0.35,"y":0},"t":0,"s":[-6.83,9.072],"to":[0,0],"ti":[0,0]},{"i":{"x":0.05,"y":1},"o":{"x":0.35,"y":0},"t":12,"s":[-6.195,8.537],"to":[0,0],"ti":[0,0]},{"t":29,"s":[-6.83,9.072]}],"ix":2},"a":{"a":0,"k":[-6.83,9.072],"ix":1},"s":{"a":0,"k":[100,100],"ix":3},"r":{"a":0,"k":0,"ix":6},"o":{"a":0,"k":100,"ix":7},"sk":{"a":0,"k":0,"ix":4},"sa":{"a":0,"k":0,"ix":5},"nm":"Transform"}],"nm":"Group 6","np":1,"cix":2,"bm":0,"ix":6,"mn":"ADBE Vector Group","hd":false},{"ty":"gr","it":[{"ind":0,"ty":"sh","ix":1,"ks":{"a":0,"k":{"i":[[0,0],[3.741,0.979],[-0.348,-1],[-0.233,-1.618]],"o":[[-1.63,-3.44],[0.518,0.757],[0.439,1.258],[0,0]],"v":[[11.745,-5.549],[3.289,-12.579],[4.583,-9.901],[5.6,-5.549]],"c":true},"ix":2},"nm":"Path 7","mn":"ADBE Vector Shape - Group","hd":false},{"ty":"tr","p":{"a":1,"k":[{"i":{"x":0.05,"y":1},"o":{"x":0.35,"y":0},"t":0,"s":[7.517,-9.064],"to":[0,0],"ti":[0,0]},{"i":{"x":0.05,"y":1},"o":{"x":0.35,"y":0},"t":12,"s":[6.882,-8.529],"to":[0,0],"ti":[0,0]},{"t":29,"s":[7.517,-9.064]}],"ix":2},"a":{"a":0,"k":[7.517,-9.064],"ix":1},"s":{"a":0,"k":[100,100],"ix":3},"r":{"a":0,"k":0,"ix":6},"o":{"a":0,"k":100,"ix":7},"sk":{"a":0,"k":0,"ix":4},"sa":{"a":0,"k":0,"ix":5},"nm":"Transform"}],"nm":"Group 7","np":1,"cix":2,"bm":0,"ix":7,"mn":"ADBE Vector Group","hd":false},{"ty":"gr","it":[{"ind":0,"ty":"sh","ix":1,"ks":{"a":0,"k":{"i":[[0,0],[1.704,0.19],[0.057,0],[0.057,-0.001],[0.647,-4.25]],"o":[[-0.647,-4.25],[-0.057,-0.001],[-0.057,0],[-1.704,0.19],[0,0]],"v":[[3.973,-5.549],[0.171,-12.999],[0,-13],[-0.171,-12.999],[-3.973,-5.549]],"c":true},"ix":2},"nm":"Path 8","mn":"ADBE Vector Shape - Group","hd":false},{"ty":"tr","p":{"a":1,"k":[{"i":{"x":0.05,"y":1},"o":{"x":0.35,"y":0},"t":0,"s":[0,-9.274],"to":[0,0],"ti":[0,0]},{"i":{"x":0.05,"y":1},"o":{"x":0.35,"y":0},"t":12,"s":[0,-8.74],"to":[0,0],"ti":[0,0]},{"t":29,"s":[0,-9.274]}],"ix":2},"a":{"a":0,"k":[0,-9.274],"ix":1},"s":{"a":0,"k":[100,100],"ix":3},"r":{"a":0,"k":0,"ix":6},"o":{"a":0,"k":100,"ix":7},"sk":{"a":0,"k":0,"ix":4},"sa":{"a":0,"k":0,"ix":5},"nm":"Transform"}],"nm":"Group 8","np":1,"cix":2,"bm":0,"ix":8,"mn":"ADBE Vector Group","hd":false},{"ty":"gr","it":[{"ind":0,"ty":"sh","ix":1,"ks":{"a":0,"k":{"i":[[0,0],[-0.439,1.258],[-0.518,0.757],[1.63,-3.44]],"o":[[0.233,-1.618],[0.348,-1],[-3.741,0.979],[0,0]],"v":[[-5.6,-5.549],[-4.583,-9.901],[-3.289,-12.579],[-11.745,-5.549]],"c":true},"ix":2},"nm":"Path 9","mn":"ADBE Vector Shape - Group","hd":false},{"ty":"tr","p":{"a":1,"k":[{"i":{"x":0.05,"y":1},"o":{"x":0.35,"y":0},"t":0,"s":[-7.517,-9.064],"to":[0,0],"ti":[0,0]},{"i":{"x":0.05,"y":1},"o":{"x":0.35,"y":0},"t":12,"s":[-6.882,-8.529],"to":[0,0],"ti":[0,0]},{"t":29,"s":[-7.517,-9.064]}],"ix":2},"a":{"a":0,"k":[-7.517,-9.064],"ix":1},"s":{"a":0,"k":[100,100],"ix":3},"r":{"a":0,"k":0,"ix":6},"o":{"a":0,"k":100,"ix":7},"sk":{"a":0,"k":0,"ix":4},"sa":{"a":0,"k":0,"ix":5},"nm":"Transform"}],"nm":"Group 9","np":1,"cix":2,"bm":0,"ix":9,"mn":"ADBE Vector Group","hd":false},{"ty":"fl","c":{"a":0,"k":[0.584313750267,0.584313750267,0.584313750267,1],"ix":4},"o":{"a":0,"k":100,"ix":5},"r":1,"bm":0,"nm":"Fill 1","mn":"ADBE Vector Graphic - Fill","hd":false},{"ty":"tr","p":{"a":0,"k":[0,0],"ix":2},"a":{"a":0,"k":[0,0],"ix":1},"s":{"a":0,"k":[1969.231,1969.231],"ix":3},"r":{"a":0,"k":0,"ix":6},"o":{"a":0,"k":100,"ix":7},"sk":{"a":0,"k":0,"ix":4},"sa":{"a":0,"k":0,"ix":5},"nm":"Transform"}],"nm":"Subtract","np":10,"cix":2,"bm":0,"ix":1,"mn":"ADBE Vector Group","hd":false}],"ip":0,"op":180,"st":0,"ct":1,"bm":0}],"markers":[],"props":{}}